<mockup version="1.0" skin="sketch" fontFace="Balsamiq Sans" measuredW="834" measuredH="488" mockupW="701" mockupH="473">
  <controls>
    <control controlID="37" controlTypeID="com.balsamiq.mockups::List" x="158" y="152" w="169" h="255" measuredW="100" measuredH="126" zOrder="1" locked="false" isInGroup="-1">
      <controlProperties>
        <borderStyle>square</borderStyle>
        <color>15594478</color>
        <hasHeader>false</hasHeader>
        <selectedIndex>-1</selectedIndex>
        <text>Google%20Login%0AFacebook%20Login%0ABank%20of%20America%20Credit%20Card%0A%09</text>
        <verticalScrollbar>true</verticalScrollbar>
      </controlProperties>
    </control>
    <control controlID="38" controlTypeID="com.balsamiq.mockups::TitleWindow" x="133" y="15" w="701" h="473" measuredW="450" measuredH="400" zOrder="0" locked="false" isInGroup="-1">
      <controlProperties>
        <close>true</close>
        <dragger>true</dragger>
        <maximizeRestore>true</maximizeRestore>
        <minimize>true</minimize>
        <text/>
        <topheight>26</topheight>
      </controlProperties>
    </control>
    <control controlID="44" controlTypeID="com.balsamiq.mockups::Title" x="158" y="51" w="-1" h="-1" measuredW="184" measuredH="50" zOrder="2" locked="false" isInGroup="-1">
      <controlProperties>
        <text>LocalPass</text>
      </controlProperties>
    </control>
    <control controlID="45" controlTypeID="com.balsamiq.mockups::ComboBox" x="380" y="65" w="-1" h="-1" measuredW="108" measuredH="23" zOrder="3" locked="false" isInGroup="-1">
      <controlProperties>
        <text>passwords.db</text>
      </controlProperties>
    </control>
    <control controlID="46" controlTypeID="com.balsamiq.mockups::Button" x="643" y="63" w="-1" h="-1" measuredW="54" measuredH="27" zOrder="4" locked="false" isInGroup="-1">
      <controlProperties>
        <text>Save</text>
      </controlProperties>
    </control>
    <control controlID="47" controlTypeID="com.balsamiq.mockups::Button" x="712" y="63" w="-1" h="-1" measuredW="50" measuredH="27" zOrder="5" locked="false" isInGroup="-1">
      <controlProperties>
        <text>New</text>
      </controlProperties>
    </control>
    <control controlID="48" controlTypeID="com.balsamiq.mockups::Tree" x="365" y="109" w="442" h="340" measuredW="300" measuredH="309" zOrder="6" locked="false" isInGroup="-1">
      <controlProperties>
        <text>f%20Use%20f%20for%20closed%20folders%0AF%20Use%20F%20for%20open%20folders%0A%5B+%5D%20You%20may%20also%20use%20this%0A%5B-%5D%20and%20this%0A%5Bx%5D%20or%20this%0A%5B%20%5D%20and%20this%0A%3E%20or%20even%20this%0Av%20and%20this%0A-%20Use%20-%20for%20a%20file%20icon%0A_%20or%20_%20to%20leave%20a%20space%20for%20your%20own%20icon%0AF%20use%20spaces%20or%20dots%20for%20hierarchy%0A%20v%20just%20like%0A..-%20this</text>
      </controlProperties>
    </control>
    <control controlID="49" controlTypeID="com.balsamiq.mockups::Button" x="569" y="63" w="-1" h="-1" measuredW="52" measuredH="27" zOrder="7" locked="false" isInGroup="-1">
      <controlProperties>
        <text>Lock</text>
      </controlProperties>
    </control>
    <control controlID="51" controlTypeID="com.balsamiq.mockups::Label" x="502" y="66" w="-1" h="-1" measuredW="55" measuredH="21" zOrder="8" locked="false" isInGroup="-1">
      <controlProperties>
        <text>unlocked</text>
      </controlProperties>
    </control>
    <control controlID="52" controlTypeID="com.balsamiq.mockups::TextInput" x="158" y="422" w="169" h="-1" measuredW="129" measuredH="27" zOrder="9" locked="false" isInGroup="-1">
      <controlProperties>
        <text>add%20new%20password...</text>
      </controlProperties>
    </control>
    <control controlID="53" controlTypeID="com.balsamiq.mockups::SearchBox" x="158" y="109" w="169" h="-1" measuredW="120" measuredH="25" zOrder="10" locked="false" isInGroup="-1"/>
  </controls>
</mockup>